nama_utama;
Budi Santoso;
Siti Rahayu;
Ahmad Fauzi;
Adi Nugroho;
Diana Lestari;
Eko Prasetyo;
Fitriani Utami;
Guntur Wibowo;
Indah Permatasari;
Joko Susilo;
Kartika Putri;
Lukman Hakim;
Mega Wijaya;
Nurul Hidayah;
Rian Hidayat;
Sri Wahyuni;
Tri Setyawan;
Utama Putra;
Vina Amelia;
Wahyu Hidayat;
Agus Setiawan;
Anisa Rahmawati;
Bambang Pamungkas;
Citra Dewi;
Dedi Kurniawan;
Endang Sukesti;
Fajar Ramadhan;
Gita Safitri;
Hendra Wijaya;
Ika Puspita;
Junaedi Effendi;
Kusuma Wardani;
Lilis Suryani;
Muhammad Ridwan;
Nina Marlina;
Oki Setiawan;
Putri Handayani;
Rizky Pratama;
Susi Susanti;
Taufik Hidayat;
Umam Muslim;
Vera Yulianti;
Wawan Hermawan;
Yeni Anggraini;
Zainal Abidin;
Andi Wijaya;
Bella Saputra;
Cahyo Nugroho;
Dewi Lestari;
Evan Sanders;